"Name","DisplayName","Status","StartType"
"AarSvc_75326","Agent Activation Runtime_75326","Stopped","Manual"
"ADPSvc","Aggregated Data Platform Service","Stopped","Manual"
"ALG","Application Layer Gateway Service","Stopped","Manual"
"AppIDSvc","Application Identity","Stopped","Manual"
"Appinfo","Application Information","Running","Manual"
"AppMgmt","Application Management","Stopped","Manual"
"AppReadiness","App Readiness","Stopped","Manual"
"AppVClient","Microsoft App-V Client","Stopped","Disabled"
"AppXSvc","AppX Deployment Service (AppXSVC)","Running","Automatic"
"ApxSvc","Windows Virtual Audio Device Proxy Service","Stopped","Manual"
"AssignedAccessManagerSvc","AssignedAccessManager Service","Stopped","Manual"
"AudioEndpointBuilder","Windows Audio Endpoint Builder","Running","Automatic"
"Audiosrv","Windows Audio","Running","Automatic"
"autotimesvc","Cellular Time","Stopped","Manual"
"AxInstSV","ActiveX Installer (AxInstSV)","Stopped","Manual"
"BcastDVRUserService_75326","GameDVR and Broadcast User Service_75326","Stopped","Manual"
"BDESVC","BitLocker Drive Encryption Service","Running","Manual"
"BFE","Base Filtering Engine","Running","Automatic"
"BITS","Background Intelligent Transfer Service","Stopped","Manual"
"BluetoothUserService_75326","Bluetooth User Support Service_75326","Stopped","Manual"
"BrokerInfrastructure","Background Tasks Infrastructure Service","Running","Automatic"
"BTAGService","Bluetooth Audio Gateway Service","Stopped","Manual"
"BthAvctpSvc","AVCTP service","Stopped","Manual"
"bthserv","Bluetooth Support Service","Stopped","Manual"
"camsvc","Capability Access Manager Service","Running","Automatic"
"CaptureService_75326","CaptureService_75326","Stopped","Manual"
"cbdhsvc_75326","Clipboard User Service_75326","Running","Automatic"
"CDPSvc","Connected Devices Platform Service","Running","Automatic"
"CDPUserSvc_75326","Connected Devices Platform User Service_75326","Running","Automatic"
"CertPropSvc","Certificate Propagation","Stopped","Manual"
"ClipSVC","Client Licence Service (ClipSVC)","Running","Manual"
"CloudBackupRestoreSvc_75326","Cloud Backup and Restore Service_75326","Stopped","Manual"
"cloudidsvc","Microsoft Cloud Identity Service","Stopped","Manual"
"COD.Broker.Service","COD.Broker.Service","Stopped","Manual"
"COMSysApp","COM+ System Application","Stopped","Manual"
"ConsentUxUserSvc_75326","ConsentUX User Service_75326","Stopped","Manual"
"CoreMessagingRegistrar","CoreMessaging","Running","Automatic"
"CredentialEnrollmentManagerUserSvc_75326","CredentialEnrollmentManagerUserSvc_75326","Stopped","Manual"
"CryptSvc","Cryptographic Services","Running","Automatic"
"CscService","Offline Files","Stopped","Manual"
"DcomLaunch","DCOM Server Process Launcher","Running","Automatic"
"dcsvc","Declared Configuration(DC) service","Stopped","Manual"
"defragsvc","Optimise drives","Stopped","Manual"
"DeviceAssociationBrokerSvc_75326","DeviceAssociationBroker_75326","Stopped","Manual"
"DeviceAssociationService","Device Association Service","Stopped","Manual"
"DeviceInstall","Device Install Service","Stopped","Manual"
"DevicePickerUserSvc_75326","DevicePicker_75326","Stopped","Manual"
"DevicesFlowUserSvc_75326","DevicesFlow_75326","Stopped","Manual"
"DevQueryBroker","DevQuery Background Discovery Broker","Stopped","Manual"
"Dhcp","DHCP Client","Running","Automatic"
"diagsvc","Diagnostic Execution Service","Stopped","Manual"
"DiagTrack","Connected User Experiences and Telemetry","Stopped","Disabled"
"DialogBlockingService","DialogBlockingService","Stopped","Disabled"
"DispBrokerDesktopSvc","Display Policy Service","Running","Automatic"
"DisplayEnhancementService","Display Enhancement Service","Stopped","Manual"
"DmEnrollmentSvc","Device Management Enrollment Service","Stopped","Manual"
"dmwappushservice","Device Management Wireless Application Protocol (WAP) Push message Routing Service","Stopped","Manual"
"Dnscache","DNS Client","Running","Automatic"
"DoSvc","Delivery Optimization","Running","Manual"
"dot3svc","Wired AutoConfig","Stopped","Manual"
"DPS","Diagnostic Policy Service","Running","Automatic"
"DsmSvc","Device Setup Manager","Running","Manual"
"DsSvc","Data Sharing Service","Stopped","Manual"
"DusmSvc","Data Usage","Running","Automatic"
"EABackgroundService","EABackgroundService","Stopped","Manual"
"EapHost","Extensible Authentication Protocol","Stopped","Manual"
"EasyAntiCheat_EOS","Easy Anti-Cheat (Epic Online Services)","Stopped","Manual"
"edgeupdate","Microsoft Edge Update Service (edgeupdate)","Stopped","Automatic"
"edgeupdatem","Microsoft Edge Update Service (edgeupdatem)","Stopped","Manual"
"EFS","Encrypting File System (EFS)","Stopped","Manual"
"embeddedmode","Embedded Mode","Stopped","Manual"
"EntAppSvc","Enterprise App Management Service","Stopped","Manual"
"EpicGamesUpdater","Epic Games Updater","Stopped","Manual"
"EpicOnlineServices","Epic Online Services","Stopped","Manual"
"EventLog","Windows Event Log","Running","Automatic"
"EventSystem","COM+ Event System","Running","Automatic"
"fdPHost","Function Discovery Provider Host","Stopped","Manual"
"FDResPub","Function Discovery Resource Publication","Stopped","Manual"
"fhsvc","File History Service","Stopped","Manual"
"FontCache","Windows Font Cache Service","Running","Automatic"
"FrameServer","Windows Camera Frame Server","Stopped","Manual"
"FrameServerMonitor","Windows Camera Frame Server Monitor","Stopped","Manual"
"FvSvc","NVIDIA FrameView SDK service","Stopped","Manual"
"GameInputRedistService","GameInput Redist Service","Running","Manual"
"GameInputSvc","GameInput Service","Stopped","Manual"
"gpsvc","Group Policy Client","Running","Automatic"
"GraphicsPerfSvc","GraphicsPerfSvc","Stopped","Manual"
"hidserv","Human Interface Device Service","Running","Manual"
"hpatchmon","Hotpatch Monitoring Service","Stopped","Manual"
"HvHost","HV Host Service","Stopped","Manual"
"icssvc","Windows Mobile Hotspot Service","Stopped","Manual"
"IKEEXT","IKE and AuthIP IPsec Keying Modules","Stopped","Manual"
"InstallService","Microsoft Store Install Service","Stopped","Manual"
"InventorySvc","Inventory and Compatibility Appraisal service","Running","Automatic"
"iphlpsvc","IP Helper","Running","Automatic"
"IpxlatCfgSvc","IP Translation Configuration Service","Stopped","Manual"
"IsoEnvBroker","Isolation Environment Broker","Stopped","Manual"
"KeyIso","CNG Key Isolation","Running","Manual"
"KtmRm","KtmRm for Distributed Transaction Coordinator","Stopped","Manual"
"LanmanServer","Server","Running","Automatic"
"LanmanWorkstation","Workstation","Running","Automatic"
"lfsvc","Geolocation Service","Running","Manual"
"LicenseManager","Windows License Manager Service","Stopped","Manual"
"lltdsvc","Link-Layer Topology Discovery Mapper","Stopped","Manual"
"lmhosts","TCP/IP NetBIOS Helper","Running","Manual"
"LocalKdc","Kerberos Local Key Distribution Center","Stopped","Manual"
"logi_lamparray_service","Logitech LampArray Service","Running","Automatic"
"LSM","Local Session Manager","Running","Automatic"
"LxpSvc","Language Experience Service","Stopped","Manual"
"MapsBroker","Downloaded Maps Manager","Stopped","Automatic"
"McmSvc","Mobile Connectivity Management Service","Stopped","Manual"
"McpManagementService","McpManagementService","Stopped","Manual"
"MDCoreSvc","Microsoft Defender Core Service","Running","Automatic"
"MessagingService_75326","MessagingService_75326","Stopped","Manual"
"MicrosoftEdgeElevationService","Microsoft Edge Elevation Service (MicrosoftEdgeElevationService)","Stopped","Manual"
"midisrv","Windows MIDI Service","Stopped","Manual"
"mpssvc","Windows Defender Firewall","Running","Automatic"
"MSDTC","Distributed Transaction Coordinator","Stopped","Manual"
"MSiSCSI","Microsoft iSCSI Initiator Service","Stopped","Manual"
"msiserver","Windows Installer","Running","Manual"
"MsKeyboardFilter","Microsoft Keyboard Filter","Stopped","Disabled"
"NaturalAuthentication","Natural Authentication","Stopped","Manual"
"NcaSvc","Network Connectivity Assistant","Stopped","Manual"
"NcbService","Network Connection Broker","Running","Manual"
"NcdAutoSetup","Network Connected Devices Auto-Setup","Stopped","Manual"
"Netlogon","Netlogon","Stopped","Manual"
"Netman","Network Connections","Stopped","Manual"
"netprofm","Network List Service","Running","Manual"
"NetSetupSvc","Network Setup Service","Stopped","Manual"
"NetTcpPortSharing","Net.Tcp Port Sharing Service","Stopped","Disabled"
"NgcCtnrSvc","Microsoft Passport Container","Running","Manual"
"NgcSvc","Microsoft Passport","Stopped","Manual"
"NlaSvc","Network Location Awareness","Stopped","Manual"
"NPSMSvc_75326","Now Playing Session Manager Service_75326","Stopped","Manual"
"nsi","Network Store Interface Service","Running","Automatic"
"NvContainerLocalSystem","NVIDIA LocalSystem Container","Running","Automatic"
"NVDisplay.ContainerLocalSystem","NVIDIA Display Container LS","Running","Automatic"
"OneSyncSvc_75326","Sync Host_75326","Stopped","Manual"
"OptionsPlusUpdaterService","Logi Options+","Running","Automatic"
"P9RdrService_75326","P9RdrService_75326","Stopped","Manual"
"PcaSvc","Program Compatibility Assistant Service","Running","Automatic"
"PeerDistSvc","BranchCache","Stopped","Manual"
"PenService_75326","PenService_75326","Stopped","Manual"
"perceptionsimulation","Windows Perception Simulation Service","Stopped","Manual"
"PerfHost","Performance Counter DLL Host","Stopped","Manual"
"PhoneSvc","Phone Service","Stopped","Manual"
"PimIndexMaintenanceSvc_75326","Contact Data_75326","Stopped","Manual"
"pla","Performance Logs & Alerts","Stopped","Manual"
"PlugPlay","Plug and Play","Running","Manual"
"PolicyAgent","IPsec Policy Agent","Stopped","Manual"
"Power","Power","Running","Automatic"
"PrintDeviceConfigurationService","Print Device Configuration Service","Stopped","Manual"
"PrintNotify","Printer Extensions and Notifications","Stopped","Manual"
"PrintScanBrokerService","PrintScanBrokerService","Stopped","Manual"
"PrintWorkflowUserSvc_75326","PrintWorkflow_75326","Stopped","Manual"
"ProfSvc","User Profile Service","Running","Automatic"
"PushToInstall","Windows PushToInstall Service","Stopped","Manual"
"QWAVE","Quality Windows Audio Video Experience","Stopped","Manual"
"RasAuto","Remote Access Auto Connection Manager","Stopped","Manual"
"RasMan","Remote Access Connection Manager","Running","Manual"
"refsdedupsvc","ReFS Dedup Service","Stopped","Manual"
"RemoteAccess","Routing and Remote Access","Stopped","Disabled"
"RemoteRegistry","Remote Registry","Stopped","Disabled"
"RetailDemo","Retail Demo Service","Stopped","Manual"
"RmSvc","Radio Management Service","Running","Manual"
"RpcEptMapper","RPC Endpoint Mapper","Running","Automatic"
"RpcLocator","Remote Procedure Call (RPC) Locator","Stopped","Manual"
"RpcSs","Remote Procedure Call (RPC)","Running","Automatic"
"RtkAudioUniversalService","Realtek Audio Universal Service","Running","Automatic"
"RtkBtManServ","Realtek Bluetooth Device Manager Service","Stopped","Automatic"
"SamSs","Security Accounts Manager","Running","Automatic"
"SCardSvr","Smart Card","Stopped","Manual"
"ScDeviceEnum","Smart Card Device Enumeration Service","Stopped","Manual"
"Schedule","Task Scheduler","Running","Automatic"
"SCPolicySvc","Smart Card Removal Policy","Stopped","Manual"
"SDRSVC","Windows Backup","Stopped","Manual"
"seclogon","Secondary Log-on","Stopped","Manual"
"SecurityHealthService","Windows Security Service","Stopped","Manual"
"SEMgrSvc","Payments and NFC/SE Manager","Stopped","Manual"
"SENS","System Event Notification Service","Running","Automatic"
"Sense","Windows Defender Advanced Threat Protection Service","Stopped","Manual"
"SensorDataService","Sensor Data Service","Stopped","Manual"
"SensorService","Sensor Service","Stopped","Manual"
"SensrSvc","Sensor Monitoring Service","Stopped","Manual"
"SessionEnv","Remote Desktop Configuration","Stopped","Manual"
"SharedAccess","Internet Connection Sharing (ICS)","Stopped","Manual"
"ShellHWDetection","Shell Hardware Detection","Running","Automatic"
"shpamsvc","Shared PC Account Manager","Stopped","Disabled"
"smphost","Microsoft Storage Spaces SMP","Stopped","Manual"
"SmsRouter","Microsoft Windows SMS Router Service.","Stopped","Manual"
"SNMPTrap","SNMP Trap","Stopped","Manual"
"Spooler","Print Spooler","Running","Automatic"
"sppsvc","Software Protection","Stopped","Automatic"
"SSDPSRV","SSDP Discovery","Stopped","Manual"
"ssh-agent","OpenSSH Authentication Agent","Stopped","Disabled"
"SstpSvc","Secure Socket Tunneling Protocol Service","Running","Manual"
"StateRepository","State Repository Service","Running","Automatic"
"Steam Client Service","Steam Client Service","Running","Manual"
"StiSvc","Windows Image Acquisition (WIA)","Stopped","Manual"
"StorSvc","Storage Service","Running","Automatic"
"svsvc","Spot Verifier","Stopped","Manual"
"swprv","Microsoft Software Shadow Copy Provider","Stopped","Manual"
"SysMain","SysMain","Running","Automatic"
"SystemEventsBroker","System Events Broker","Running","Automatic"
"TapiSrv","Telephony","Stopped","Manual"
"TermService","Remote Desktop Services","Stopped","Manual"
"TextInputManagementService","Text Input Management Service","Running","Automatic"
"Themes","Themes","Running","Automatic"
"TieringEngineService","Storage Tiers Management","Stopped","Manual"
"TimeBrokerSvc","Time Broker","Running","Manual"
"TokenBroker","Web Account Manager","Running","Manual"
"TrkWks","Distributed Link Tracking Client","Running","Automatic"
"TroubleshootingSvc","Recommended Troubleshooting Service","Stopped","Manual"
"TrustedInstaller","Windows Modules Installer","Stopped","Manual"
"tzautoupdate","Auto Time Zone Updater","Stopped","Disabled"
"UdkUserSvc_75326","Udk User Service_75326","Running","Manual"
"UevAgentService","User Experience Virtualization Service","Stopped","Disabled"
"UmRdpService","Remote Desktop Services UserMode Port Redirector","Stopped","Manual"
"UnistoreSvc_75326","User Data Storage_75326","Stopped","Manual"
"upnphost","UPnP Device Host","Stopped","Manual"
"UserDataSvc_75326","User Data Access_75326","Stopped","Manual"
"UserManager","User Manager","Running","Automatic"
"UsoSvc","Update Orchestrator Service","Running","Automatic"
"VaultSvc","Credential Manager","Stopped","Manual"
"vds","Virtual Disk","Stopped","Manual"
"vmicguestinterface","Hyper-V Guest Service Interface","Stopped","Manual"
"vmicheartbeat","Hyper-V Heartbeat Service","Stopped","Manual"
"vmickvpexchange","Hyper-V Data Exchange Service","Stopped","Manual"
"vmicrdv","Hyper-V Remote Desktop Virtualization Service","Stopped","Manual"
"vmicshutdown","Hyper-V Guest Shutdown Service","Stopped","Manual"
"vmictimesync","Hyper-V Time Synchronization Service","Stopped","Manual"
"vmicvmsession","Hyper-V PowerShell Direct Service","Stopped","Manual"
"vmicvss","Hyper-V Volume Shadow Copy Requestor","Stopped","Manual"
"VSS","Volume Shadow Copy","Stopped","Manual"
"W32Time","Windows Time","Running","Automatic"
"WaaSMedicSvc","WaaSMedicSvc","Stopped","Manual"
"WalletService","WalletService","Stopped","Manual"
"WarpJITSvc","Warp JIT Service","Stopped","Manual"
"wbengine","Block Level Backup Engine Service","Stopped","Manual"
"WbioSrvc","Windows Biometric Service","Stopped","Manual"
"Wcmsvc","Windows Connection Manager","Running","Automatic"
"wcncsvc","Windows Connect Now - Config Registrar","Stopped","Manual"
"WdiServiceHost","Diagnostic Service Host","Stopped","Manual"
"WdiSystemHost","Diagnostic System Host","Running","Manual"
"WdNisSvc","Microsoft Defender Antivirus Network Inspection Service","Running","Manual"
"WebClient","WebClient","Stopped","Manual"
"webthreatdefsvc","Web Threat Defense Service","Running","Manual"
"webthreatdefusersvc_75326","Web Threat Defense User Service_75326","Running","Automatic"
"Wecsvc","Windows Event Collector","Stopped","Manual"
"WEPHOSTSVC","Windows Encryption Provider Host Service","Stopped","Manual"
"wercplsupport","Problem Reports Control Panel Support","Stopped","Manual"
"WerSvc","Windows Error Reporting Service","Stopped","Manual"
"WFDSConMgrSvc","Wi-Fi Direct Services Connection Manager Service","Stopped","Manual"
"whesvc","Windows Health and Optimized Experiences","Running","Automatic"
"WiaRpc","Still Image Acquisition Events","Stopped","Manual"
"WinDefend","Microsoft Defender Antivirus Service","Running","Automatic"
"WinHttpAutoProxySvc","WinHTTP Web Proxy Auto-Discovery Service","Running","Manual"
"Winmgmt","Windows Management Instrumentation","Running","Automatic"
"WinRM","Windows Remote Management (WS-Management)","Stopped","Manual"
"wisvc","Windows Insider Service","Stopped","Manual"
"WlanSvc","WLAN AutoConfig","Stopped","Manual"
"wlidsvc","Microsoft Account Sign-in Assistant","Running","Manual"
"wlpasvc","Local Profile Assistant Service","Stopped","Manual"
"WManSvc","Windows Management Service","Stopped","Manual"
"wmiApSrv","WMI Performance Adapter","Stopped","Manual"
"WMPNetworkSvc","Windows Media Player Network Sharing Service","Stopped","Manual"
"workfolderssvc","Work Folders","Stopped","Manual"
"WpcMonSvc","Parental Controls","Stopped","Manual"
"WPDBusEnum","Portable Device Enumerator Service","Stopped","Manual"
"WpnService","Windows Push Notifications System Service","Running","Automatic"
"WpnUserService_75326","Windows Push Notifications User Service_75326","Running","Automatic"
"WSAIFabricSvc","WSAIFabricSvc","Running","Automatic"
"wscsvc","Security Center","Running","Automatic"
"WSearch","Windows Search","Stopped","Disabled"
"wuauserv","Windows Update","Stopped","Manual"
"wuqisvc","Microsoft Usage and Quality Insights","Stopped","Manual"
"WwanSvc","WWAN AutoConfig","Stopped","Manual"
"XblAuthManager","Xbox Live Auth Manager","Stopped","Manual"
"XblGameSave","Xbox Live Game Save","Stopped","Manual"
"XboxGipSvc","Xbox Accessory Management Service","Stopped","Manual"
"XboxNetApiSvc","Xbox Live Networking Service","Stopped","Manual"
"ZTHELPER","ZTDNS Helper service","Stopped","Manual"
